firm_name,discovery_source,firm_type,type_evidence,category,proof_exists,proof_function_source,proof_function_quote,proof_type_quote,entity_coherent,counts_toward_500,is_commercial,website,hq_location,corporate_linkedin,signal_date,signal_type,reachability_score,record_status,rejection_reason,aum,aum__source,aum__method,aum__confidence,aum__epistemic,aum__asof,aum__status,aum__route,investing_thesis,investing_thesis__source,investing_thesis__method,investing_thesis__confidence,investing_thesis__epistemic,investing_thesis__asof,investing_thesis__status,investing_thesis__route,mandate,mandate__source,mandate__method,mandate__confidence,mandate__epistemic,mandate__asof,mandate__status,mandate__route,background,background__source,background__method,background__confidence,background__epistemic,background__asof,background__status,background__route,principal_name,principal_name__source,principal_name__method,principal_name__confidence,principal_name__epistemic,principal_name__asof,principal_name__status,principal_name__route,principal_title,principal_title__source,principal_title__method,principal_title__confidence,principal_title__epistemic,principal_title__asof,principal_title__status,principal_title__route,principal_linkedin,principal_linkedin__source,principal_linkedin__method,principal_linkedin__confidence,principal_linkedin__epistemic,principal_linkedin__asof,principal_linkedin__status,principal_linkedin__route,principal_email,principal_email__source,principal_email__method,principal_email__confidence,principal_email__epistemic,principal_email__asof,principal_email__status,principal_email__route,principal_phone,principal_phone__source,principal_phone__method,principal_phone__confidence,principal_phone__epistemic,principal_phone__asof,principal_phone__status,principal_phone__route,recent_signal,recent_signal__source,recent_signal__method,recent_signal__confidence,recent_signal__epistemic,recent_signal__asof,recent_signal__status,recent_signal__route
SENESCHAL FAMILY OFFICE,SEC Form ADV (registered adviser roster),MFO,"own-source multi-family statement: ""Our advice is objective and delivered at the elite standard of fiduciary multi-family office services.""",MFO,SEC-registered investment adviser (CRD 131618); Form ADV filed 03/27/2026,https://SENESCHALFAMILYOFFICE.COM,Our advice is objective and delivered at the elite standard of fiduciary multi-family office services.,Our advice is objective and delivered at the elite standard of fiduciary multi-family office services.,True,True,False,https://SENESCHALFAMILYOFFICE.COM,"TACOMA, WA",,,,25,Qualified,,,,,,,,unresolved,,,,,,,,unresolved,,,,,,,,unresolved,,Reports high-net-worth individual clients on its own Form ADV (Item 5.D(b)).,SEC Form ADV (CRD 131618),Form ADV Item 5.D,Medium,fact,,verified,,,,,,,,unresolved,,,,,,,,unresolved,,,,,,,,unresolved,,,,,,,,unresolved,,(253) 460-3430,SEC Form ADV (CRD 131618),main-office telephone from the firm's own Form ADV,High,fact,,verified,firm-level,,,,,,,unresolved,
TFO FAMILY OFFICE PARTNERS,SEC Form ADV (registered adviser roster),Unconfirmed,"FO-function proven (""TFO Family Office Partners mission is empowering families to thrive by Connecting Wealth and Purpose ® .""); single- vs multi-family unproven",FO-type-unknown,SEC-registered investment adviser (CRD 159440); Form ADV filed 03/27/2026,http://www.tfopartners.com,TFO Family Office Partners mission is empowering families to thrive by Connecting Wealth and Purpose ® .,"TFO Partners is a family of wealth management, family office, and trust services firms committed to doing more for individuals, families, and closely-held businesses.",True,True,False,http://www.tfopartners.com,"PHOENIX, AZ",,,,25,Qualified,,,,,,,,unresolved,,,,,,,,unresolved,,,,,,,,unresolved,,Reports high-net-worth individual clients on its own Form ADV (Item 5.D(b)).,SEC Form ADV (CRD 159440),Form ADV Item 5.D,Medium,fact,,verified,,,,,,,,unresolved,,,,,,,,unresolved,,,,,,,,unresolved,,,,,,,,unresolved,,602-466-2611,SEC Form ADV (CRD 159440),main-office telephone from the firm's own Form ADV,High,fact,,verified,firm-level,,,,,,,unresolved,
"COLONY FAMILY OFFICES, LLC",SEC Form ADV (registered adviser roster),MFO,"own-source multi-family statement: ""Colony Family Offices is an independent, multi-family office providing fully integrated wealth planning , investment management and fiduciary services to individuals and families of wealth.""",MFO,SEC-registered investment adviser (CRD 167017); Form ADV filed 02/25/2026,http://WWW.COLONYFAMILYOFFICES.COM,"Colony Family Offices is an independent, multi-family office providing fully integrated wealth planning , investment management and fiduciary services to individuals and families of wealth.","Colony Family Offices is an independent, multi-family office providing fully integrated wealth planning , investment management and fiduciary services to individuals and families of wealth.",True,True,False,http://WWW.COLONYFAMILYOFFICES.COM,"CHARLOTTE, NC",,,,25,Qualified,,,,,,,,unresolved,,,,,,,,unresolved,,,,,,,,unresolved,,Reports high-net-worth individual clients on its own Form ADV (Item 5.D(b)).,SEC Form ADV (CRD 167017),Form ADV Item 5.D,Medium,fact,,verified,,,,,,,,unresolved,,,,,,,,unresolved,,,,,,,,unresolved,,,,,,,,unresolved,,704-285-7300,SEC Form ADV (CRD 167017),main-office telephone from the firm's own Form ADV,High,fact,,verified,firm-level,,,,,,,unresolved,
"BILTMORE FAMILY OFFICE, LLC",SEC Form ADV (registered adviser roster),MFO,"own-source multi-family statement: ""Some call it a Multi-Family Office.""",MFO,SEC-registered investment adviser (CRD 167174); Form ADV filed 03/23/2026,http://WWW.BILTMOREFAMILYOFFICE.COM,"We serve families seeking a more collaborative level of investing, planning, and education than the traditional Wall Street firm,",Some call it a Multi-Family Office.,True,True,False,http://WWW.BILTMOREFAMILYOFFICE.COM,"CHARLOTTE, NC",,,,35,Qualified,,,,,,,,unresolved,,,,,,,,unresolved,,,,,,,,unresolved,,Reports high-net-worth individual clients on its own Form ADV (Item 5.D(b)).,SEC Form ADV (CRD 167174),Form ADV Item 5.D,Medium,fact,,verified,,Chris Cecil,http://WWW.BILTMOREFAMILYOFFICE.COM,named on the firm's own website (team/about page),High,fact,,verified,,Partner CEO,http://WWW.BILTMOREFAMILYOFFICE.COM,title on the firm's own website,High,fact,,verified,,,,,,,,unresolved,,,,,,,,unresolved,,704-248-5230,SEC Form ADV (CRD 167174),main-office telephone from the firm's own Form ADV,High,fact,,verified,firm-level,,,,,,,unresolved,
"RIVERGLADES FAMILY OFFICES, LLC",SEC Form ADV (registered adviser roster),Unconfirmed,"FO-function proven (""Borrowing lessons from successful family offices, it took time to bring these ideas together under a refined process.""); single- vs multi-family unproven",FO-type-unknown,SEC-registered investment adviser (CRD 171584); Form ADV filed 03/19/2026,http://WWW.RIVERGLADESFO.COM,"Borrowing lessons from successful family offices, it took time to bring these ideas together under a refined process.","Having developed a network of like-minded families and similarly motivated individuals , we enable each to receive the service they expect while leveraging the intellectual capital and collective experiences of the group.",True,True,False,http://WWW.RIVERGLADESFO.COM,"NAPLES, FL",,,,35,Qualified,,,,,,,,unresolved,,,,,,,,unresolved,,,,,,,,unresolved,,Reports high-net-worth individual clients on its own Form ADV (Item 5.D(b)).,SEC Form ADV (CRD 171584),Form ADV Item 5.D,Medium,fact,,verified,,Paul J. Marinelli,http://WWW.RIVERGLADESFO.COM,named on the firm's own website (team/about page),High,fact,,verified,,FOUNDER AND PRESIDENT,http://WWW.RIVERGLADESFO.COM,title on the firm's own website,High,fact,,verified,,,,,,,,unresolved,,,,,,,,unresolved,,(239) 263-4079,SEC Form ADV (CRD 171584),main-office telephone from the firm's own Form ADV,High,fact,,verified,firm-level,,,,,,,unresolved,
"TRED AVON FAMILY WEALTH, LLC",SEC Form ADV (registered adviser roster),Unconfirmed,"FO-function proven (""An independent family office coordinating every part of a family's financial life: wealth management, estate strategy, record keeping, philanthropy, and the daily work of stewardship.""); single- vs multi-family unproven",FO-type-unknown,SEC-registered investment adviser (CRD 174115); Form ADV filed 03/27/2026,https://WWW.TREDAVONFAMILYWEALTH.COM,"An independent family office coordinating every part of a family's financial life: wealth management, estate strategy, record keeping, philanthropy, and the daily work of stewardship.",We work with a deliberately small number of families.,True,True,False,https://WWW.TREDAVONFAMILYWEALTH.COM,"EASTON, MD",,,,25,Qualified,,,,,,,,unresolved,,,,,,,,unresolved,,,,,,,,unresolved,,Reports high-net-worth individual clients on its own Form ADV (Item 5.D(b)).,SEC Form ADV (CRD 174115),Form ADV Item 5.D,Medium,fact,,verified,,,,,,,,unresolved,,,,,,,,unresolved,,,,,,,,unresolved,,,,,,,,unresolved,,410-310-2064,SEC Form ADV (CRD 174115),main-office telephone from the firm's own Form ADV,High,fact,,verified,firm-level,,,,,,,unresolved,
EAGLE BAY FAMILY OFFICE,SEC Form ADV (registered adviser roster),Unconfirmed,"FO-function proven (""Eagle Bay Family Office delivers comprehensive family office and investment advisory services for wealthy families, with a particular focus on governance, judgment, and the integration of financial, legal, and advisory considerations across generations.""); single- vs multi-family unproven",FO-type-unknown,"SEC-registered investment adviser (CRD 281675, CIK 1862864); Form ADV filed 04/15/2026",https://www.eaglebayfamilyoffice.com,"Eagle Bay Family Office delivers comprehensive family office and investment advisory services for wealthy families, with a particular focus on governance, judgment, and the integration of financial, legal, and advisory considerations across generations.","Eagle Bay Family Office, an independent advisory firm serving wealthy families nationwide.",True,True,False,https://www.eaglebayfamilyoffice.com,"NEW YORK, NY",,,,35,Qualified,,,,,,,,unresolved,,,,,,,,unresolved,,,,,,,,unresolved,,Reports high-net-worth individual clients on its own Form ADV (Item 5.D(b)).,SEC Form ADV (CRD 281675),Form ADV Item 5.D,Medium,fact,,verified,,Michael D. Nelson,https://www.eaglebayfamilyoffice.com,named on the firm's own website (team/about page),High,fact,,verified,,MANAGING PARTNER,https://www.eaglebayfamilyoffice.com,title on the firm's own website,High,fact,,verified,,,,,,,,unresolved,,,,,,,,unresolved,,212-634-7879,SEC Form ADV (CRD 281675),main-office telephone from the firm's own Form ADV,High,fact,,verified,firm-level,,,,,,,unresolved,
"COMPOUND FAMILY OFFICES, LLC",SEC Form ADV (registered adviser roster),Unconfirmed,"FO-function proven (""As a fiduciary, we provide independent, objective advice.""); single- vs multi-family unproven",FO-type-unknown,SEC-registered investment adviser (CRD 298776); Form ADV filed 04/23/2026,https://www.compoundfamilyoffices.com,"As a fiduciary, we provide independent, objective advice.",Core Focus on Families of Significant Wealth Our firm is dedicated to serving ultra wealthy families.,True,True,False,https://www.compoundfamilyoffices.com,"SARASOTA, FL",,,,25,Qualified,,,,,,,,unresolved,,,,,,,,unresolved,,,,,,,,unresolved,,Reports high-net-worth individual clients on its own Form ADV (Item 5.D(b)).,SEC Form ADV (CRD 298776),Form ADV Item 5.D,Medium,fact,,verified,,,,,,,,unresolved,,,,,,,,unresolved,,,,,,,,unresolved,,,,,,,,unresolved,,(941) 556-9294,SEC Form ADV (CRD 298776),main-office telephone from the firm's own Form ADV,High,fact,,verified,firm-level,,,,,,,unresolved,
FORTHRIGHT FAMILY WEALTH ADVISORY LLC,SEC Form ADV (registered adviser roster),MFO,"own-source multi-family statement: ""Our clients work hard and thrive. They’re prosperous across their professional career, wherein they create their wealth.""",MFO,SEC-registered investment adviser (CRD 304547); Form ADV filed 03/31/2026,https://www.forthrightwealth.com,We Serve as the Chief Financial Officer to Families.,"Our clients work hard and thrive. They’re prosperous across their professional career, wherein they create their wealth.",True,True,False,https://www.forthrightwealth.com,"HOUSTON, TX",,,,35,Qualified,,,,,,,,unresolved,,,,,,,,unresolved,,,,,,,,unresolved,,Reports high-net-worth individual clients on its own Form ADV (Item 5.D(b)).,SEC Form ADV (CRD 304547),Form ADV Item 5.D,Medium,fact,,verified,,Neal D. Carlson,https://www.forthrightwealth.com,named on the firm's own website (team/about page),High,fact,,verified,,"Founder, Managing Director",https://www.forthrightwealth.com,title on the firm's own website,High,fact,,verified,,,,,,,,unresolved,,,,,,,,unresolved,,713-510-3510,SEC Form ADV (CRD 304547),main-office telephone from the firm's own Form ADV,High,fact,,verified,firm-level,,,,,,,unresolved,
"ALPHA CAPITAL FAMILY OFFICE, LLC",SEC Form ADV (registered adviser roster),MFO,"own-source multi-family statement: ""Our clients come from a diverse array of backgrounds – professionally and personally.""",MFO,SEC-registered investment adviser (CRD 307521); Form ADV filed 04/30/2026,https://acfamilyoffice.com,AC Family Office is an outsourced family office with more than 250+ years of collective experience serving a limited number of families.,Our clients come from a diverse array of backgrounds – professionally and personally.,True,True,False,https://acfamilyoffice.com,"GREENWOOD VILLAGE, CO",,,,35,Qualified,,,,,,,,unresolved,,,,,,,,unresolved,,,,,,,,unresolved,,Reports high-net-worth individual clients on its own Form ADV (Item 5.D(b)).,SEC Form ADV (CRD 307521),Form ADV Item 5.D,Medium,fact,,verified,,Maxwell Smith,https://acfamilyoffice.com,named on the firm's own website (team/about page),High,fact,,verified,,"President, CFO Partner",https://acfamilyoffice.com,title on the firm's own website,High,fact,,verified,,,,,,,,unresolved,,,,,,,,unresolved,,303-900-0185,SEC Form ADV (CRD 307521),main-office telephone from the firm's own Form ADV,High,fact,,verified,firm-level,,,,,,,unresolved,
HAMPSHIRE FAMILY OFFICE,SEC Form ADV (registered adviser roster),MFO,"own-source multi-family statement: ""Leveraging a multifamily office structure to serve as your personal Chief Investment Officer and deliver a complete advisory platform and robust solutions.""",MFO,SEC-registered investment adviser (CRD 323432); Form ADV filed 03/31/2026,http://www.hampshirefamilyoffice.com,Leveraging a multifamily office structure to serve as your personal Chief Investment Officer and deliver a complete advisory platform and robust solutions.,Leveraging a multifamily office structure to serve as your personal Chief Investment Officer and deliver a complete advisory platform and robust solutions.,True,True,False,http://www.hampshirefamilyoffice.com,,,,,25,Qualified,,,,,,,,unresolved,,,,,,,,unresolved,,,,,,,,unresolved,,Reports high-net-worth individual clients on its own Form ADV (Item 5.D(b)).,SEC Form ADV (CRD 323432),Form ADV Item 5.D,Medium,fact,,verified,,,,,,,,unresolved,,,,,,,,unresolved,,,,,,,,unresolved,,,,,,,,unresolved,,212-365-7624,SEC Form ADV (CRD 323432),main-office telephone from the firm's own Form ADV,High,fact,,verified,firm-level,,,,,,,unresolved,
"FIDUCIARY FAMILY OFFICE, LLC",SEC Form ADV (registered adviser roster),MFO,"own-source multi-family statement: ""We serve as our clients’ Chief Financial Officer — providing sophisticated tax, estate, and investment solutions concurrent with timely financial analysis to address the complexities of multi-generational wealth.""",MFO,SEC-registered investment adviser (CRD 326990); Form ADV filed 03/11/2026,https://fiduciaryfo.com,"We serve as our clients’ Chief Financial Officer — providing sophisticated tax, estate, and investment solutions concurrent with timely financial analysis to address the complexities of multi-generational wealth.","We serve as our clients’ Chief Financial Officer — providing sophisticated tax, estate, and investment solutions concurrent with timely financial analysis to address the complexities of multi-generational wealth.",True,True,False,https://fiduciaryfo.com,"BOCA RATON, FL",,,,35,Qualified,,,,,,,,unresolved,,,,,,,,unresolved,,,,,,,,unresolved,,Reports high-net-worth individual clients on its own Form ADV (Item 5.D(b)).,SEC Form ADV (CRD 326990),Form ADV Item 5.D,Medium,fact,,verified,,Kathleen Grace,https://fiduciaryfo.com,named on the firm's own website (team/about page),High,fact,,verified,,"Managing Member, CEO, CIO",https://fiduciaryfo.com,title on the firm's own website,High,fact,,verified,,,,,,,,unresolved,,,,,,,,unresolved,,(561) 353-4440,SEC Form ADV (CRD 326990),main-office telephone from the firm's own Form ADV,High,fact,,verified,firm-level,,,,,,,unresolved,
"CAMBIENT FAMILY OFFICE, LLC",SEC Form ADV (registered adviser roster),MFO,"own-source multi-family statement: ""Cambient Family Office is a multi-family office serving clients with complex financial lives, emphasizing stewardship and fiduciary responsibility.""",MFO,SEC-registered investment adviser (CRD 335128); Form ADV filed 03/31/2026,https://www.cambient.com,"Cambient Family Office is a multi-family office serving clients with complex financial lives, emphasizing stewardship and fiduciary responsibility.","Cambient Family Office is a multi-family office serving clients with complex financial lives, emphasizing stewardship and fiduciary responsibility.",True,True,False,https://www.cambient.com,"ADA, MI",,,,25,Qualified,,,,,,,,unresolved,,,,,,,,unresolved,,,,,,,,unresolved,,Reports high-net-worth individual clients on its own Form ADV (Item 5.D(b)).,SEC Form ADV (CRD 335128),Form ADV Item 5.D,Medium,fact,,verified,,,,,,,,unresolved,,,,,,,,unresolved,,,,,,,,unresolved,,,,,,,,unresolved,,(616) 330-2270,SEC Form ADV (CRD 335128),main-office telephone from the firm's own Form ADV,High,fact,,verified,firm-level,,,,,,,unresolved,
LANE FAMILY WEALTH MANAGEMENT,SEC Form ADV (registered adviser roster),Unconfirmed,"FO-function proven (""We provide a high-touch, family-office experience where guidance is as personal as the relationship, so you're supported every step of the way.""); single- vs multi-family unproven",FO-type-unknown,SEC-registered investment adviser (CRD 337964); Form ADV filed 03/13/2026,https://www.lanefamilywm.com,"We provide a high-touch, family-office experience where guidance is as personal as the relationship, so you're supported every step of the way.",,True,True,False,https://www.lanefamilywm.com,"NORTH LIBERTY, IA",,,,35,Qualified,,,,,,,,unresolved,,,,,,,,unresolved,,,,,,,,unresolved,,Reports high-net-worth individual clients on its own Form ADV (Item 5.D(b)).,SEC Form ADV (CRD 337964),Form ADV Item 5.D,Medium,fact,,verified,,Pat Senkyr,https://www.lanefamilywm.com,named on the firm's own website (team/about page),High,fact,,verified,,President,https://www.lanefamilywm.com,title on the firm's own website,High,fact,,verified,,,,,,,,unresolved,,,https://www.lanefamilywm.com,quarantined — SMTP RCPT rejected the mailbox (undeliverable),,,,quarantined,,319-535-4525,SEC Form ADV (CRD 337964),main-office telephone from the firm's own Form ADV,High,fact,,verified,firm-level,,,,,,,unresolved,
"PULLIAM FAMILY OFFICE, LLC",SEC Form ADV (registered adviser roster),Unconfirmed,"FO-function proven (""Pulliam Family Office integrates your team with ours to help maximize the return, impact, and legacy of your wealth—for generations to come.""); single- vs multi-family unproven",FO-type-unknown,SEC-registered investment adviser (CRD 338839); Form ADV filed 04/27/2026,https://www.pulliamfamilyoffice.com,"Pulliam Family Office integrates your team with ours to help maximize the return, impact, and legacy of your wealth—for generations to come.",Pulliam works with approximately 40 families in total on bundled and unbundled plans.,True,True,False,https://www.pulliamfamilyoffice.com,"CRESTED BUTTE, CO",,,,25,Qualified,,,,,,,,unresolved,,,,,,,,unresolved,,,,,,,,unresolved,,Reports high-net-worth individual clients on its own Form ADV (Item 5.D(b)).,SEC Form ADV (CRD 338839),Form ADV Item 5.D,Medium,fact,,verified,,,,,,,,unresolved,,,,,,,,unresolved,,,,,,,,unresolved,,,,,,,,unresolved,,972-947-9400,SEC Form ADV (CRD 338839),main-office telephone from the firm's own Form ADV,High,fact,,verified,firm-level,,,,,,,unresolved,
"WPA FAMILY OFFICE, LLC",SEC Form ADV (registered adviser roster),Unconfirmed,"FO-function proven (""Our services include sophisticated investment strategies, portfolio management, direct private equity, tax planning, estate guidance, and comprehensive family office solutions, all seamlessly coordinated under one roof.""); single- vs multi-family unproven",FO-type-unknown,SEC-registered investment adviser (CRD 315566); Form ADV filed 02/18/2026,https://wpafamilyoffice.com,"Our services include sophisticated investment strategies, portfolio management, direct private equity, tax planning, estate guidance, and comprehensive family office solutions, all seamlessly coordinated under one roof.",Catered to families and professionals with investable assets ranging from $5M to $1B,True,True,False,https://wpafamilyoffice.com,"DALLAS, TX",,,,25,Qualified,,,,,,,,unresolved,,,,,,,,unresolved,,,,,,,,unresolved,,Reports high-net-worth individual clients on its own Form ADV (Item 5.D(b)).,SEC Form ADV (CRD 315566),Form ADV Item 5.D,Medium,fact,,verified,,,,,,,,unresolved,,,,,,,,unresolved,,,,,,,,unresolved,,,,,,,,unresolved,,(214) 945-0888,SEC Form ADV (CRD 315566),main-office telephone from the firm's own Form ADV,High,fact,,verified,firm-level,,,,,,,unresolved,
POINTONE FAMILY OFFICE,SEC Form ADV (registered adviser roster),MFO,"own-source multi-family statement: ""A Boutique Multi-Family Office Designed for Families Seeking Capital Partnership and Commercial Participation""",MFO,SEC-registered investment adviser (CRD 338563); Form ADV filed 04/10/2026,https://p1fo.com,PointOne Family Office (P1FO) Multi-family office serving the UHNW.,A Boutique Multi-Family Office Designed for Families Seeking Capital Partnership and Commercial Participation,True,True,False,https://p1fo.com,"MANHATTAN BEACH, CA",,,,25,Qualified,,,,,,,,unresolved,,,,,,,,unresolved,,,,,,,,unresolved,,Reports high-net-worth individual clients on its own Form ADV (Item 5.D(b)).,SEC Form ADV (CRD 338563),Form ADV Item 5.D,Medium,fact,,verified,,,,,,,,unresolved,,,,,,,,unresolved,,,,,,,,unresolved,,,,,,,,unresolved,,(310) 737-2637,SEC Form ADV (CRD 338563),main-office telephone from the firm's own Form ADV,High,fact,,verified,firm-level,,,,,,,unresolved,
INNOVATIVE FAMILY OFFICE LLC,SEC Form ADV (registered adviser roster),Unconfirmed,"FO-function proven (""The Innovative Family Office is a private wealth management advisory firm that serves high-net-worth and ultra-high-net-worth investors.""); single- vs multi-family unproven",FO-type-unknown,SEC-registered investment adviser (CRD 329496); Form ADV filed 04/15/2026,https://www.innovativefo.com,The Innovative Family Office is a private wealth management advisory firm that serves high-net-worth and ultra-high-net-worth investors.,,True,True,False,https://www.innovativefo.com,"SOMERS, NY",,,,35,Qualified,,,,,,,,unresolved,,,,,,,,unresolved,,,,,,,,unresolved,,Reports high-net-worth individual clients on its own Form ADV (Item 5.D(b)).,SEC Form ADV (CRD 329496),Form ADV Item 5.D,Medium,fact,,verified,,Nick Mancini,https://www.innovativefo.com,named on the firm's own website (team/about page),High,fact,,verified,,President,https://www.innovativefo.com,title on the firm's own website,High,fact,,verified,,,,,,,,unresolved,,,,,,,,unresolved,,(914) 427-8036,SEC Form ADV (CRD 329496),main-office telephone from the firm's own Form ADV,High,fact,,verified,firm-level,,,,,,,unresolved,
PARKSIDE FAMILY OFFICE LLC,SEC Form ADV (registered adviser roster),Unconfirmed,"FO-function proven (""Parkside Family Office, LLC is a registered investment advisory firm dedicated to helping families preserve wealth and grow investments.""); single- vs multi-family unproven",FO-type-unknown,SEC-registered investment adviser (CRD 339242); Form ADV filed 03/31/2026,http://www.parksidefamilyoffice.com,"Parkside Family Office, LLC is a registered investment advisory firm dedicated to helping families preserve wealth and grow investments.",,True,True,False,http://www.parksidefamilyoffice.com,,,,,35,Qualified,,,,,,,,unresolved,,,,,,,,unresolved,,,,,,,,unresolved,,Reports high-net-worth individual clients on its own Form ADV (Item 5.D(b)).,SEC Form ADV (CRD 339242),Form ADV Item 5.D,Medium,fact,,verified,,"Hans D. Berkenhoff, CFA",http://www.parksidefamilyoffice.com,named on the firm's own website (team/about page),High,fact,,verified,,,,,,,,unresolved,,,,,,,,unresolved,,,http://www.parksidefamilyoffice.com,quarantined — SMTP RCPT rejected the mailbox (undeliverable),,,,quarantined,,425-238-4356,SEC Form ADV (CRD 339242),main-office telephone from the firm's own Form ADV,High,fact,,verified,firm-level,,,,,,,unresolved,
FIFTH AVENUE FAMILY OFFICE,SEC Form ADV (registered adviser roster),MFO,"own-source multi-family statement: ""Our focus is on managing and advising across our clients entire wealth spectrum, ensuring they can confidently enjoy their lives and families while building lasting legacies.""",MFO,SEC-registered investment adviser (CRD 122448); Form ADV filed 03/16/2026,http://WWW.FIFTHAVENUEFAMILY.COM,"At Fifth Avenue Family Office, we are a dedicated team serving high-net-worth entrepreneurial families. We specialize in comprehensive family office services, including investment management, estate and legacy planning, and tax coordination.","Our focus is on managing and advising across our clients entire wealth spectrum, ensuring they can confidently enjoy their lives and families while building lasting legacies.",True,True,False,http://WWW.FIFTHAVENUEFAMILY.COM,"NAPLES, FL",,,,25,Qualified,,,,,,,,unresolved,,,,,,,,unresolved,,,,,,,,unresolved,,Reports high-net-worth individual clients on its own Form ADV (Item 5.D(b)).,SEC Form ADV (CRD 122448),Form ADV Item 5.D,Medium,fact,,verified,,,,,,,,unresolved,,,,,,,,unresolved,,,,,,,,unresolved,,,,,,,,unresolved,,239-262-6300,SEC Form ADV (CRD 122448),main-office telephone from the firm's own Form ADV,High,fact,,verified,firm-level,,,,,,,unresolved,
SESTANTE FAMILY OFFICE,SEC Form ADV (registered adviser roster),MFO,"own-source multi-family statement: ""As a discreet and exclusive multi-family office, we provide high-touch services to ultra-high-net-worth families and individuals.""",MFO,SEC-registered investment adviser (CRD 335152); Form ADV filed 04/22/2026,https://www.sestante.com,"As a discreet and exclusive multi-family office, we provide high-touch services to ultra-high-net-worth families and individuals.","As a discreet and exclusive multi-family office, we provide high-touch services to ultra-high-net-worth families and individuals.",True,True,False,https://www.sestante.com,"CORONADO, CA",,,,35,Qualified,,,,,,,,unresolved,,,,,,,,unresolved,,,,,,,,unresolved,,Reports high-net-worth individual clients on its own Form ADV (Item 5.D(b)).,SEC Form ADV (CRD 335152),Form ADV Item 5.D,Medium,fact,,verified,,Ben White,https://www.sestante.com,named on the firm's own website (team/about page),High,fact,,verified,,Co-Founder & Managing Partner,https://www.sestante.com,title on the firm's own website,High,fact,,verified,,,,,,,,unresolved,,,,,,,,unresolved,,619-268-6279,SEC Form ADV (CRD 335152),main-office telephone from the firm's own Form ADV,High,fact,,verified,firm-level,,,,,,,unresolved,
FIVE ELEVEN PARTNERS,SEC Form ADV (registered adviser roster),SFO,"own-source single-family statement: ""Five Eleven delivers a bespoke single-family office experience tailored to ultra-high-net-worth families.""",SFO,SEC-registered investment adviser (CRD 334002); Form ADV filed 03/31/2026,https://www.five11partners.com,Five Eleven delivers a bespoke single-family office experience tailored to ultra-high-net-worth families.,Five Eleven delivers a bespoke single-family office experience tailored to ultra-high-net-worth families.,True,True,False,https://www.five11partners.com,"GARDEN CITY, NY",,,,35,Qualified,,,,,,,,unresolved,,,,,,,,unresolved,,,,,,,,unresolved,,Reports high-net-worth individual clients on its own Form ADV (Item 5.D(b)).,SEC Form ADV (CRD 334002),Form ADV Item 5.D,Medium,fact,,verified,,Andy Crofton,https://www.five11partners.com,named on the firm's own website (team/about page),High,fact,,verified,,"Founder, Managing Partner",https://www.five11partners.com,title on the firm's own website,High,fact,,verified,,,,,,,,unresolved,,,,,,,,unresolved,,917-685-1360,SEC Form ADV (CRD 334002),main-office telephone from the firm's own Form ADV,High,fact,,verified,firm-level,,,,,,,unresolved,
LEGACY ROAD FAMILY OFFICES,SEC Form ADV (registered adviser roster),Unconfirmed,"FO-function proven (""The mission of Legacy Road is to provide world-class, institutional quality, investment management and family office services designed to meet the diverse needs of professional athletes, entertainers, and exceptionally affluent individuals and families.""); single- vs multi-family unproven",FO-type-unknown,SEC-registered investment adviser (CRD 337654); Form ADV filed 03/31/2026,http://WWW.LEGACYROAD.COM,"The mission of Legacy Road is to provide world-class, institutional quality, investment management and family office services designed to meet the diverse needs of professional athletes, entertainers, and exceptionally affluent individuals and families.","Based on the concept of the family office, we offer a fully integrated approach to preserve and grow wealth in which we can provide investment advice concerning all asset classes of a client s portfolio, including fixed income, public equities, real estate, hedge funds, private equity, and highly unique diverse investments.",True,True,False,http://WWW.LEGACYROAD.COM,,,,,35,Qualified,,,,,,,,unresolved,,,,,,,,unresolved,,,,,,,,unresolved,,Reports high-net-worth individual clients on its own Form ADV (Item 5.D(b)).,SEC Form ADV (CRD 337654),Form ADV Item 5.D,Medium,fact,,verified,,Laurence Richards,http://WWW.LEGACYROAD.COM,named on the firm's own website (team/about page),High,fact,,verified,,Chief Executive Officer,http://WWW.LEGACYROAD.COM,title on the firm's own website,High,fact,,verified,,,,,,,,unresolved,,,,,,,,unresolved,,917-626-1042,SEC Form ADV (CRD 337654),main-office telephone from the firm's own Form ADV,High,fact,,verified,firm-level,,,,,,,unresolved,
"RELEVANT WEALTH ADVISORS, LLC",SEC Form ADV (registered adviser roster),SFO,"own-source single-family statement: ""With over thirty years of working closely with a select group of families and family foundations, we’re excited to show you the exceptional value we can bring to your family.""",SFO,SEC-registered investment adviser (CRD 1489); Form ADV filed 03/18/2026,http://WWW.RELEVANTWEALTH.COM,"At Relevant Wealth, we break the mold with our Virtual Family Office model.","With over thirty years of working closely with a select group of families and family foundations, we’re excited to show you the exceptional value we can bring to your family.",True,True,False,http://WWW.RELEVANTWEALTH.COM,"MILL VALLEY, CA",,,,35,Qualified,,,,,,,,unresolved,,,,,,,,unresolved,,,,,,,,unresolved,,Reports high-net-worth individual clients on its own Form ADV (Item 5.D(b)).,SEC Form ADV (CRD 1489),Form ADV Item 5.D,Medium,fact,,verified,,Bruce Raabe,http://WWW.RELEVANTWEALTH.COM,named on the firm's own website (team/about page),High,fact,,verified,,,,,,,,unresolved,,,,,,,,unresolved,,,,,,,,unresolved,,415-925-4000,SEC Form ADV (CRD 1489),main-office telephone from the firm's own Form ADV,High,fact,,verified,firm-level,,,,,,,unresolved,
